OrderID,UserID,AddedToCartAt,OrderCreatedAt,Amount,Product,IsDelivered
1,2324,4/20/2025 4:11,,337.69,Keyboard,False
2,4527,1/10/2025 22:31,1/10/2025 23:06,1034.79,Smartphone,False
3,5327,4/12/2025 13:26,4/12/2025 13:52,1195.65,Laptop,True
4,5363,6/9/2025 11:16,6/9/2025 13:09,1911.44,Smartphone,True
5,3526,3/25/2025 0:50,,126,Headphones,False
6,9627,6/28/2025 20:12,,1403.75,Keyboard,False
7,6517,2/25/2025 4:06,,983.56,Headphones,False
8,6130,3/27/2025 7:48,3/27/2025 8:04,1993.9,Smartphone,True
9,7534,2/28/2025 2:48,2/28/2025 2:58,421.83,Tablet,True
10,7158,5/19/2025 8:29,5/19/2025 8:39,616.44,Headphones,False
11,6568,2/14/2025 2:05,2/14/2025 2:18,909.59,Laptop,False
12,8015,6/14/2025 5:43,6/14/2025 6:03,662.23,Smartphone,True
13,9682,1/29/2025 1:41,1/29/2025 3:47,1005.84,Laptop,True
14,3310,2/15/2025 4:00,2/15/2025 4:36,1054,Laptop,True
15,6542,1/2/2025 19:40,1/2/2025 20:51,1945.07,Smartphone,False
16,3529,5/15/2025 17:01,5/15/2025 18:32,1134.86,Monitor,False
17,3476,4/27/2025 14:25,,1600.38,Headphones,False
18,4237,1/7/2025 1:21,1/7/2025 1:43,939.23,Tablet,False
19,1065,2/25/2025 7:27,2/25/2025 8:29,1737.19,Tablet,True
20,8670,5/19/2025 23:07,,332.86,Monitor,False
21,9408,1/18/2025 7:58,1/18/2025 9:26,785.71,Laptop,True
22,8848,4/3/2025 12:37,4/3/2025 13:16,901.33,Smartphone,False
23,2292,5/18/2025 2:08,,1202.06,Smartphone,False
24,9952,1/18/2025 20:29,1/18/2025 22:15,338.06,Tablet,True
25,1978,5/3/2025 14:17,5/3/2025 15:02,1954.21,Tablet,True
26,8434,2/16/2025 15:47,2/16/2025 16:16,996.35,Headphones,False
27,1143,5/27/2025 3:36,,1907.41,Tablet,False
28,7022,1/20/2025 1:58,,684.33,Keyboard,False
29,7873,6/17/2025 4:22,6/17/2025 7:19,242.69,Keyboard,False
30,5170,6/9/2025 3:47,,661.54,Laptop,False
31,2116,3/13/2025 20:51,3/13/2025 21:28,1994.23,Keyboard,False
32,9204,4/21/2025 3:04,4/21/2025 4:23,698.76,Monitor,False
33,3211,2/1/2025 19:55,,1275.96,Keyboard,False
34,6681,4/25/2025 15:16,4/25/2025 17:40,1159.74,Smartphone,False
35,5365,4/1/2025 22:05,,1826.81,Monitor,False
36,6114,3/28/2025 16:35,3/28/2025 16:52,341.88,Laptop,True
37,1045,5/30/2025 8:56,5/30/2025 11:56,1677.72,Tablet,False
38,7184,1/7/2025 2:32,1/7/2025 3:02,668.35,Laptop,False
39,6462,5/14/2025 5:31,,415.98,Tablet,False
40,7182,3/4/2025 16:54,3/4/2025 17:03,1235.49,Keyboard,False
41,5251,4/7/2025 20:36,4/7/2025 22:18,783,Laptop,False
42,5373,5/3/2025 1:55,5/3/2025 3:26,1173.89,Smartphone,True
43,8892,3/8/2025 3:33,3/8/2025 4:03,204.99,Smartphone,True
44,1066,4/9/2025 14:57,4/9/2025 16:37,1635.55,Keyboard,False
45,6260,5/10/2025 21:37,,891.3,Smartphone,False
46,6733,5/7/2025 15:32,5/7/2025 15:53,1956.12,Tablet,True
47,1763,1/14/2025 17:07,1/14/2025 19:14,379.04,Headphones,True
48,3061,2/5/2025 19:12,2/5/2025 20:00,896.39,Tablet,True
49,8537,2/21/2025 17:09,2/21/2025 18:56,1083.21,Tablet,True
50,7492,5/24/2025 10:44,5/24/2025 11:31,1854.84,Laptop,True
51,4216,3/13/2025 19:02,3/13/2025 20:11,1521.68,Smartphone,True
52,3714,1/17/2025 2:48,,1163.84,Monitor,False
53,2988,5/18/2025 19:34,,1076.96,Monitor,False
54,5030,2/20/2025 4:07,,1494.65,Tablet,False
55,1435,5/11/2025 13:56,5/11/2025 16:20,1543.61,Smartphone,False
56,2210,3/22/2025 0:14,3/22/2025 3:05,1832.06,Monitor,True
57,9129,2/17/2025 3:37,,175.3,Monitor,False
58,9450,6/25/2025 11:36,6/25/2025 12:34,1576.39,Smartphone,True
59,4705,5/5/2025 11:05,5/5/2025 13:10,376.77,Smartphone,False
60,1357,6/14/2025 7:18,6/14/2025 9:44,1963.41,Smartphone,False
61,2845,4/25/2025 2:08,,1612.36,Smartphone,False
62,7038,2/14/2025 19:31,,1331.21,Monitor,False
63,4978,3/1/2025 9:56,,1952.58,Monitor,False
64,8747,6/19/2025 11:29,6/19/2025 12:38,240.75,Tablet,False
65,6404,3/30/2025 10:32,3/30/2025 11:56,1784.36,Laptop,True
66,4621,6/4/2025 21:55,6/4/2025 22:44,875.32,Keyboard,True
67,2025,3/15/2025 11:18,3/15/2025 11:23,1813.53,Tablet,False
68,4500,4/19/2025 10:36,4/19/2025 11:07,993.51,Headphones,False
69,8157,6/29/2025 19:49,,1949.92,Monitor,False
70,6448,2/26/2025 6:25,2/26/2025 7:13,1444.05,Laptop,True
71,8873,4/14/2025 22:47,,1444.73,Laptop,False
72,2009,5/5/2025 13:35,5/5/2025 14:04,814.74,Keyboard,False
73,4285,3/23/2025 14:06,3/23/2025 16:26,1012.49,Keyboard,True
74,1584,1/30/2025 15:11,,598.25,Smartphone,False
75,6013,2/17/2025 20:20,2/17/2025 22:29,1360.66,Tablet,False
76,4243,2/5/2025 12:00,2/5/2025 12:40,854.49,Monitor,True
77,7370,4/2/2025 21:38,,350.47,Smartphone,False
78,8650,2/23/2025 22:44,2/24/2025 1:38,1472.04,Smartphone,False
79,3651,1/4/2025 13:45,,1966.21,Tablet,False
80,7062,6/12/2025 20:00,,1947.71,Monitor,False
81,7070,4/23/2025 9:37,4/23/2025 10:23,1720.02,Monitor,True
82,6612,5/27/2025 6:10,5/27/2025 6:31,1923.2,Tablet,True
83,1392,5/27/2025 20:04,5/27/2025 21:04,1885.83,Monitor,True
84,3437,6/13/2025 11:22,,335.75,Keyboard,False
85,6715,4/9/2025 5:11,4/9/2025 6:04,500.91,Keyboard,False
86,1235,1/22/2025 15:46,1/22/2025 16:07,1639.31,Headphones,True
87,4725,5/20/2025 3:41,5/20/2025 5:41,675.14,Keyboard,False
88,6860,6/1/2025 2:58,6/1/2025 4:51,608.33,Smartphone,True
89,7832,2/13/2025 4:31,,766.47,Smartphone,False
90,4969,1/29/2025 11:18,,359.22,Headphones,False
91,6188,1/1/2025 22:12,,1367.07,Headphones,False
92,8963,2/24/2025 20:51,,1510.26,Keyboard,False
93,5879,5/10/2025 23:59,5/11/2025 2:33,240.5,Tablet,True
94,2304,6/20/2025 15:16,,296.72,Laptop,False
95,5767,3/26/2025 1:51,3/26/2025 4:06,725.08,Smartphone,False
96,2260,4/12/2025 7:09,4/12/2025 7:53,1391.91,Smartphone,True
97,1379,5/1/2025 3:00,5/1/2025 3:37,1623.41,Tablet,False
98,9040,4/27/2025 21:12,,580.6,Laptop,False
99,5024,6/16/2025 6:53,6/16/2025 9:10,957.99,Smartphone,False
100,2621,6/5/2025 20:01,6/5/2025 22:15,1640.5,Headphones,True
101,9794,2/1/2025 15:13,2/1/2025 16:27,789.26,Monitor,True
102,3320,5/16/2025 1:29,5/16/2025 1:38,807.48,Laptop,False
103,7146,2/6/2025 10:49,2/6/2025 12:48,466.19,Laptop,True
104,9497,6/13/2025 14:41,6/13/2025 15:42,656.16,Monitor,True
105,1279,4/10/2025 18:54,,1629.98,Smartphone,False
106,8425,1/20/2025 20:06,1/20/2025 23:06,964.24,Smartphone,True
107,2851,2/3/2025 20:44,2/3/2025 22:45,1966.05,Smartphone,False
108,8528,6/5/2025 11:21,6/5/2025 12:24,970.23,Headphones,True
109,7928,4/1/2025 0:00,4/1/2025 2:09,1434.41,Keyboard,True
110,5958,2/12/2025 18:35,,933.55,Tablet,False
111,5398,1/25/2025 1:07,1/25/2025 3:48,516.36,Monitor,False
112,7403,2/3/2025 18:17,,1675.99,Tablet,False
113,4241,2/16/2025 4:01,2/16/2025 5:46,1739.73,Tablet,True
114,6570,1/29/2025 13:14,1/29/2025 15:50,1015.74,Monitor,True
115,3240,2/18/2025 17:55,2/18/2025 18:59,948.78,Headphones,False
116,2255,2/22/2025 0:19,2/22/2025 1:46,621.13,Keyboard,False
117,8162,2/19/2025 1:10,2/19/2025 1:18,209.73,Laptop,False
118,8456,4/6/2025 11:57,4/6/2025 13:10,1678.89,Smartphone,True
119,2103,6/5/2025 11:53,,1592.43,Tablet,False
120,2782,6/3/2025 22:38,6/4/2025 0:16,1504.53,Tablet,False
121,9659,2/10/2025 12:42,2/10/2025 12:51,520.24,Headphones,True
122,1826,6/7/2025 6:37,,168.56,Keyboard,False
123,7312,2/10/2025 9:37,2/10/2025 12:13,247.38,Monitor,True
124,6160,1/11/2025 6:25,1/11/2025 7:17,378.76,Tablet,True
125,2877,1/10/2025 20:42,1/10/2025 23:14,1452.06,Monitor,False
126,9070,1/18/2025 15:05,,644.98,Smartphone,False
127,6416,6/22/2025 2:20,,657.24,Tablet,False
128,3531,1/5/2025 13:17,,1740.97,Headphones,False
129,3803,6/23/2025 7:34,6/23/2025 8:18,534.33,Monitor,False
130,6377,6/20/2025 21:43,6/20/2025 23:32,776.39,Smartphone,False
131,7717,4/23/2025 2:04,,508.08,Laptop,False
132,6719,6/12/2025 13:07,6/12/2025 13:25,696.51,Smartphone,True
133,5879,6/2/2025 10:10,6/2/2025 12:51,1797.51,Tablet,True
134,5777,6/13/2025 2:16,,539.35,Laptop,False
135,4095,6/15/2025 17:09,6/15/2025 19:59,1790.95,Headphones,True
136,5714,1/14/2025 13:46,1/14/2025 15:05,700.28,Headphones,True
137,6992,4/11/2025 2:07,,758.43,Headphones,False
138,5943,4/2/2025 19:00,4/2/2025 21:33,778.57,Keyboard,False
139,4630,3/18/2025 18:17,3/18/2025 20:27,230.98,Tablet,False
140,1991,6/24/2025 11:28,6/24/2025 13:17,136.18,Tablet,True
141,8176,5/27/2025 3:43,5/27/2025 6:37,314.91,Headphones,True
142,7132,2/13/2025 10:02,2/13/2025 10:53,749.67,Laptop,True
143,6513,3/22/2025 17:56,3/22/2025 20:45,1667.47,Monitor,True
144,3120,2/1/2025 13:29,2/1/2025 16:15,1279.53,Tablet,False
145,2585,4/8/2025 8:53,,1809.86,Smartphone,False
146,4441,1/21/2025 14:14,1/21/2025 16:00,1579.64,Monitor,False
147,2915,5/18/2025 6:28,5/18/2025 6:54,867.59,Keyboard,False
148,9232,6/22/2025 10:16,,235.31,Laptop,False
149,1417,5/13/2025 1:24,5/13/2025 4:23,1351.99,Headphones,False
150,4245,4/17/2025 18:33,,1095.92,Monitor,False
151,7801,6/23/2025 10:05,,1735.68,Laptop,False
152,6978,2/6/2025 16:57,2/6/2025 19:06,1618.21,Tablet,False
153,5260,5/8/2025 21:10,,1763.5,Laptop,False
154,1595,5/10/2025 13:34,5/10/2025 15:04,1102.87,Headphones,False
155,9312,4/26/2025 10:11,4/26/2025 12:53,1087.49,Keyboard,False
156,7240,3/26/2025 13:11,,1119.78,Monitor,False
157,2250,1/22/2025 1:59,1/22/2025 3:46,800.08,Smartphone,False
158,1400,5/13/2025 10:46,5/13/2025 11:37,1668.84,Smartphone,True
159,5498,1/20/2025 1:54,,1561.33,Laptop,False
160,8820,2/5/2025 10:50,2/5/2025 12:12,1423,Laptop,True
161,8182,3/13/2025 2:52,,228.45,Monitor,False
162,4996,3/24/2025 9:57,,1981.71,Headphones,False
163,9046,2/13/2025 20:19,,1565.38,Monitor,False
164,5711,1/13/2025 2:08,1/13/2025 4:05,340.27,Keyboard,False
165,6290,5/14/2025 22:12,5/15/2025 0:50,298.78,Monitor,False
166,6227,4/7/2025 13:06,4/7/2025 15:33,1075.3,Headphones,True
167,1223,2/2/2025 23:35,2/3/2025 1:05,1269.79,Headphones,False
168,3135,4/15/2025 21:55,4/15/2025 23:35,736.72,Tablet,True
169,3844,4/2/2025 5:14,4/2/2025 5:58,1930.99,Laptop,False
170,1435,5/21/2025 17:39,,1132.63,Keyboard,False
171,7562,4/19/2025 6:29,4/19/2025 7:22,617.05,Keyboard,False
172,3572,5/25/2025 6:05,5/25/2025 7:03,1249.52,Tablet,False
173,9872,4/18/2025 23:04,4/19/2025 1:20,658.55,Headphones,True
174,5972,4/14/2025 12:15,4/14/2025 13:49,191.84,Keyboard,False
175,2322,1/30/2025 16:03,1/30/2025 17:04,347.48,Keyboard,False
176,1010,3/24/2025 8:21,,877.74,Laptop,False
177,4240,2/4/2025 20:46,,1066.47,Smartphone,False
178,8353,2/6/2025 19:20,,672.26,Keyboard,False
179,8309,4/6/2025 2:12,4/6/2025 3:37,640.53,Headphones,False
180,5862,4/1/2025 0:54,,873.01,Keyboard,False
181,3639,6/21/2025 5:23,6/21/2025 5:59,1842.91,Headphones,True
182,6976,6/13/2025 3:44,6/13/2025 4:37,1204.02,Laptop,False
183,8128,6/20/2025 17:06,6/20/2025 19:10,338.48,Tablet,False
184,4608,3/3/2025 6:26,,1798.31,Headphones,False
185,2137,5/18/2025 21:39,,1154.38,Monitor,False
186,3470,6/8/2025 11:42,6/8/2025 13:49,168.98,Keyboard,False
187,8310,1/17/2025 17:22,1/17/2025 20:08,828.59,Laptop,False
188,6084,3/13/2025 3:14,3/13/2025 5:16,1751.37,Headphones,False
189,6750,4/4/2025 14:50,4/4/2025 15:50,890.8,Laptop,True
190,2742,4/23/2025 22:34,4/23/2025 23:32,385.23,Monitor,True
191,7612,4/2/2025 14:19,,1154.86,Headphones,False
192,6602,5/5/2025 9:42,5/5/2025 11:45,1667.97,Headphones,True
193,9492,6/2/2025 3:14,,781.49,Smartphone,False
194,1494,2/3/2025 13:43,2/3/2025 14:28,1361.16,Monitor,True
195,4531,5/7/2025 17:02,,838.65,Keyboard,False
196,5846,6/14/2025 15:58,6/14/2025 18:43,1915.12,Keyboard,True
197,2616,6/23/2025 10:19,6/23/2025 12:58,1808.75,Headphones,False
198,6918,2/18/2025 6:53,2/18/2025 9:53,1832.72,Laptop,True
199,8053,6/4/2025 23:54,6/5/2025 1:09,524.86,Monitor,False
200,7477,4/4/2025 6:13,4/4/2025 7:00,276.81,Monitor,False
201,1030,2/20/2025 10:10,2/20/2025 11:10,1252.94,Smartphone,True
202,8205,4/9/2025 14:20,,1971.57,Laptop,False
203,6373,1/27/2025 16:03,1/27/2025 18:33,748.26,Smartphone,False
204,4330,6/3/2025 23:08,6/4/2025 0:06,1863.49,Headphones,True
205,8741,3/26/2025 0:24,3/26/2025 0:35,212,Smartphone,True
206,4840,1/13/2025 10:53,1/13/2025 11:09,541.03,Laptop,False
207,9049,5/31/2025 14:28,5/31/2025 17:12,193.02,Keyboard,False
208,9754,2/4/2025 20:56,,592,Laptop,False
209,3438,3/31/2025 2:47,3/31/2025 3:02,1776.2,Keyboard,False
210,6065,5/11/2025 9:36,5/11/2025 11:57,554.01,Smartphone,False
211,6455,2/1/2025 1:58,,610.81,Laptop,False
212,4597,1/3/2025 9:05,1/3/2025 9:20,655.03,Headphones,True
213,1887,4/17/2025 2:47,4/17/2025 4:17,146.72,Monitor,True
214,3796,5/25/2025 7:48,,1060.08,Laptop,False
215,7707,2/27/2025 17:59,,1949.97,Headphones,False
216,2897,5/3/2025 0:32,5/3/2025 1:54,962.3,Smartphone,False
217,6095,1/22/2025 12:07,1/22/2025 13:58,1071.7,Headphones,False
218,7985,1/7/2025 8:57,1/7/2025 10:01,995.7,Headphones,True
219,7468,3/26/2025 13:00,3/26/2025 14:24,729.3,Keyboard,True
220,3462,6/23/2025 20:35,6/23/2025 23:22,914.55,Tablet,True
221,9912,5/6/2025 7:17,5/6/2025 8:23,1509.67,Tablet,True
222,6595,3/16/2025 18:49,,1565.57,Headphones,False
223,4382,5/22/2025 20:13,,1286.5,Keyboard,False
224,2232,6/8/2025 21:37,,492.67,Tablet,False
225,4035,4/9/2025 12:57,4/9/2025 13:37,521.67,Tablet,True
226,2506,1/19/2025 15:24,1/19/2025 16:01,1184.38,Tablet,False
227,8894,1/16/2025 5:04,1/16/2025 6:03,1521.56,Keyboard,True
228,7585,4/21/2025 1:37,,1356.12,Keyboard,False
229,8896,5/28/2025 19:23,5/28/2025 21:57,718.64,Smartphone,False
230,4197,1/6/2025 17:00,1/6/2025 18:05,1693.83,Headphones,True
231,2988,6/26/2025 1:03,6/26/2025 1:56,1333.73,Laptop,True
232,8222,5/15/2025 4:53,,787.71,Tablet,False
233,4683,6/19/2025 16:22,6/19/2025 17:16,1868.06,Tablet,False
234,8769,4/11/2025 10:55,4/11/2025 13:53,567.55,Smartphone,False
235,4951,3/30/2025 14:04,3/30/2025 14:40,1914.89,Laptop,False
236,2719,4/9/2025 1:12,4/9/2025 3:30,1286.5,Laptop,False
237,7840,5/16/2025 21:55,,1765.47,Smartphone,False
238,3460,5/3/2025 17:56,,1963.33,Headphones,False
239,4955,5/24/2025 10:23,,681.75,Monitor,False
240,9034,3/11/2025 0:02,3/11/2025 1:17,1438.72,Headphones,True
241,1217,4/12/2025 21:14,4/12/2025 21:47,988.46,Smartphone,False
242,3283,6/1/2025 10:28,,724.26,Tablet,False
243,1317,4/23/2025 1:07,4/23/2025 3:27,274.51,Tablet,False
244,7678,2/7/2025 2:09,2/7/2025 3:09,658.1,Smartphone,False
245,5562,5/4/2025 22:42,5/4/2025 22:47,1098.73,Tablet,True
246,9115,2/22/2025 12:18,,472.16,Smartphone,False
247,3913,4/25/2025 9:28,4/25/2025 11:51,1022.76,Laptop,True
248,1021,4/30/2025 13:41,,1579.33,Headphones,False
249,6157,4/10/2025 9:56,4/10/2025 11:33,319.07,Smartphone,False
250,9505,2/6/2025 11:06,2/6/2025 11:55,1357.57,Keyboard,True
251,1798,3/23/2025 8:33,3/23/2025 9:54,915.47,Monitor,True
252,5189,3/6/2025 20:35,3/6/2025 21:25,1386.75,Keyboard,True
253,3158,1/8/2025 13:25,1/8/2025 13:39,166.56,Laptop,True
254,5485,2/20/2025 20:38,,555.56,Tablet,False
255,4835,2/13/2025 2:10,2/13/2025 2:21,1605.67,Monitor,True
256,1050,4/3/2025 0:40,4/3/2025 1:38,775.48,Monitor,False
257,7177,4/18/2025 15:03,4/18/2025 15:54,466.37,Smartphone,True
258,8301,5/29/2025 11:26,5/29/2025 12:38,1267.6,Keyboard,False
259,3379,3/25/2025 23:01,3/26/2025 1:23,1848.12,Smartphone,False
260,9631,4/19/2025 2:58,,1964.32,Laptop,False
261,2217,5/1/2025 18:14,5/1/2025 19:39,848.15,Tablet,True
262,1614,6/26/2025 2:24,,335.65,Monitor,False
263,4428,2/11/2025 12:58,,1356.58,Keyboard,False
264,1321,3/28/2025 17:28,3/28/2025 19:40,572.89,Smartphone,False
265,3998,1/20/2025 14:23,1/20/2025 16:36,1857.04,Smartphone,True
266,1295,2/20/2025 2:52,,356.99,Tablet,False
267,7619,5/12/2025 11:54,,689.82,Tablet,False
268,3032,1/10/2025 4:34,1/10/2025 5:30,396.75,Keyboard,True
269,5471,5/14/2025 1:24,,1130.78,Keyboard,False
270,3589,2/9/2025 0:15,2/9/2025 1:38,1524.84,Laptop,True
271,6460,4/9/2025 12:23,4/9/2025 13:58,1556.58,Keyboard,True
272,5594,2/14/2025 18:05,2/14/2025 20:11,730.47,Tablet,True
273,8869,6/12/2025 14:49,,1947.15,Laptop,False
274,9420,6/27/2025 17:47,6/27/2025 17:59,225.69,Smartphone,True
275,1869,6/25/2025 11:29,,764.82,Laptop,False
276,8801,5/11/2025 8:57,,1840,Smartphone,False
277,2991,5/1/2025 21:00,5/1/2025 23:00,1881.35,Headphones,True
278,7951,4/14/2025 23:01,4/15/2025 1:42,1178.61,Keyboard,True
279,9646,3/11/2025 16:41,3/11/2025 17:12,414.93,Tablet,False
280,3525,1/7/2025 11:36,1/7/2025 11:44,725.6,Smartphone,True
281,3190,3/4/2025 0:11,3/4/2025 1:48,817.81,Tablet,False
282,8983,4/4/2025 2:39,,1504.36,Monitor,False
283,2707,2/2/2025 20:35,2/2/2025 21:12,296.74,Laptop,True
284,7759,3/13/2025 21:09,,1593.71,Tablet,False
285,2941,6/24/2025 14:23,6/24/2025 15:05,1673.78,Monitor,False
286,1918,6/28/2025 14:13,6/28/2025 16:47,562.14,Monitor,False
287,6336,3/17/2025 6:37,3/17/2025 7:52,1700.34,Keyboard,True
288,5774,1/27/2025 1:23,,1923.27,Monitor,False
289,1177,6/21/2025 1:13,6/21/2025 2:33,1871.01,Tablet,True
290,3961,6/25/2025 7:42,6/25/2025 10:28,1896.91,Headphones,True
291,7151,5/7/2025 13:53,5/7/2025 16:08,1294.88,Monitor,True
292,1876,3/27/2025 5:12,3/27/2025 8:00,494.17,Monitor,True
293,1048,2/22/2025 6:18,,511.37,Tablet,False
294,5463,5/11/2025 15:32,5/11/2025 17:54,1394.5,Keyboard,False
295,9131,6/15/2025 11:41,,359.57,Headphones,False
296,9407,3/2/2025 17:38,3/2/2025 19:14,640.87,Laptop,True
297,1191,5/5/2025 0:15,,1061.71,Headphones,False
298,8282,4/29/2025 5:35,4/29/2025 8:32,1116.73,Headphones,True
299,8811,2/14/2025 18:42,,587.15,Tablet,False
300,1767,6/2/2025 9:54,6/2/2025 10:39,1359.28,Monitor,True
301,8781,4/6/2025 23:27,4/7/2025 1:54,635.02,Laptop,True
302,5226,5/18/2025 14:03,5/18/2025 16:30,128.96,Keyboard,True
303,2282,3/27/2025 9:42,3/27/2025 11:07,868.42,Keyboard,False
304,2736,3/8/2025 12:05,3/8/2025 12:54,1777.76,Monitor,True
305,1107,3/18/2025 17:09,3/18/2025 17:26,1904.04,Smartphone,True
306,4690,4/26/2025 18:50,4/26/2025 21:39,1211.84,Laptop,True
307,2736,4/28/2025 19:32,4/28/2025 20:55,1689.75,Tablet,False
308,3327,2/22/2025 10:40,2/22/2025 12:42,139.82,Monitor,False
309,1225,1/13/2025 18:08,,167.04,Smartphone,False
310,2146,5/4/2025 12:06,,1068.79,Laptop,False
311,8120,3/28/2025 21:50,3/29/2025 0:48,1119.16,Smartphone,True
312,2762,4/1/2025 21:11,,1695.49,Smartphone,False
313,6537,4/3/2025 18:44,4/3/2025 21:36,1170.32,Monitor,True
314,4637,4/1/2025 5:29,4/1/2025 6:17,609.08,Laptop,False
315,9409,5/12/2025 17:24,5/12/2025 17:56,1422.35,Smartphone,True
316,7832,1/13/2025 16:42,,1237.28,Laptop,False
317,9253,5/29/2025 17:45,5/29/2025 18:56,939.96,Smartphone,True
318,6788,3/2/2025 1:42,3/2/2025 2:56,1682.99,Headphones,False
319,7450,2/19/2025 15:55,2/19/2025 17:07,1614.2,Keyboard,True
320,4845,2/14/2025 10:08,,1743.05,Tablet,False
321,9914,1/29/2025 10:50,1/29/2025 12:26,735.22,Smartphone,True
322,1940,4/1/2025 10:30,4/1/2025 12:26,159.26,Keyboard,False
323,7626,3/9/2025 2:17,,268.29,Smartphone,False
324,6557,4/10/2025 10:52,4/10/2025 13:47,1407.67,Monitor,True
325,3348,5/29/2025 10:29,5/29/2025 13:00,130.13,Keyboard,False
326,3862,1/11/2025 15:18,1/11/2025 18:16,1655.26,Laptop,True
327,1846,6/8/2025 14:42,,1880.89,Laptop,False
328,4697,6/17/2025 16:00,,837.69,Smartphone,False
329,6932,1/22/2025 2:23,1/22/2025 4:53,1545.32,Headphones,True
330,1725,3/29/2025 15:17,3/29/2025 16:43,1004.81,Tablet,True
331,6090,1/4/2025 0:22,1/4/2025 2:21,467.89,Keyboard,True
332,9161,4/21/2025 3:37,,191.85,Laptop,False
333,3348,2/16/2025 18:31,2/16/2025 20:41,123.62,Keyboard,False
334,1717,3/21/2025 7:20,,400.99,Monitor,False
335,4070,5/4/2025 10:31,5/4/2025 12:54,270.21,Tablet,True
336,3990,6/16/2025 12:47,6/16/2025 13:55,875.77,Headphones,False
337,9137,2/20/2025 7:41,2/20/2025 8:46,158.06,Headphones,True
338,7611,6/16/2025 12:45,,1465.49,Keyboard,False
339,1903,2/10/2025 21:04,2/10/2025 22:47,1836.72,Headphones,False
340,6002,5/30/2025 9:31,5/30/2025 10:15,587.46,Headphones,True
341,1643,6/18/2025 1:00,6/18/2025 3:58,1005.15,Smartphone,False
342,7226,3/24/2025 10:31,3/24/2025 11:38,894.1,Tablet,False
343,1562,6/10/2025 1:54,,270.98,Tablet,False
344,4808,2/16/2025 9:47,2/16/2025 12:09,1438.12,Monitor,True
345,5525,2/24/2025 11:03,,666.71,Tablet,False
346,4719,2/17/2025 8:01,,417.19,Smartphone,False
347,9231,2/24/2025 19:26,2/24/2025 22:02,867.5,Tablet,False
348,8452,4/19/2025 1:22,4/19/2025 1:56,1333.54,Tablet,False
349,9277,6/17/2025 14:11,6/17/2025 16:10,305.49,Headphones,True
350,7960,2/16/2025 13:37,2/16/2025 15:10,419.74,Keyboard,True
351,9973,6/23/2025 4:40,6/23/2025 5:07,1839.13,Monitor,False
352,8854,3/23/2025 10:25,,577.34,Tablet,False
353,1425,5/15/2025 22:55,5/15/2025 23:12,759.1,Headphones,True
354,6372,5/15/2025 11:19,5/15/2025 11:29,1569.48,Smartphone,False
355,4378,2/21/2025 18:55,,441.85,Laptop,False
356,5810,6/28/2025 1:54,,1300.26,Monitor,False
357,9004,2/27/2025 13:57,,540.6,Tablet,False
358,2172,5/23/2025 17:03,5/23/2025 18:03,579.3,Laptop,True
359,2114,3/19/2025 7:11,3/19/2025 7:29,855.19,Keyboard,False
360,5865,1/4/2025 13:21,1/4/2025 14:56,1638.29,Monitor,True
361,4084,1/31/2025 6:18,,878.21,Keyboard,False
362,8641,3/18/2025 7:44,,1671.4,Smartphone,False
363,9035,2/28/2025 14:36,2/28/2025 15:29,672.45,Monitor,True
364,2963,3/22/2025 3:48,3/22/2025 4:21,169.91,Monitor,True
365,1156,4/2/2025 20:17,,1404.63,Smartphone,False
366,5843,2/17/2025 20:25,2/17/2025 20:38,932.3,Monitor,False
367,8882,4/11/2025 6:53,4/11/2025 8:58,384.65,Laptop,True
368,1790,2/3/2025 4:48,,1642.05,Tablet,False
369,4566,4/23/2025 14:06,4/23/2025 15:54,1282.37,Headphones,True
370,9817,4/26/2025 15:12,4/26/2025 17:29,1422.51,Laptop,False
371,2864,6/16/2025 14:26,6/16/2025 16:20,270.7,Keyboard,True
372,2741,4/23/2025 13:03,4/23/2025 13:18,240.48,Laptop,True
373,3164,1/9/2025 0:34,1/9/2025 1:06,1524.21,Monitor,False
374,5133,2/3/2025 2:32,,741.14,Smartphone,False
375,1138,4/6/2025 3:18,4/6/2025 3:37,1456.98,Tablet,False
376,2353,3/17/2025 0:00,3/17/2025 1:41,1757.87,Tablet,False
377,2901,3/3/2025 3:15,,1556.26,Smartphone,False
378,2686,1/14/2025 8:18,1/14/2025 9:50,438.8,Keyboard,False
379,1853,2/22/2025 21:50,,1376.74,Tablet,False
380,5045,5/4/2025 2:01,5/4/2025 3:43,1460.24,Laptop,False
381,3874,4/29/2025 16:57,4/29/2025 18:42,669.75,Laptop,True
382,7698,5/7/2025 5:15,5/7/2025 7:18,1979.14,Headphones,True
383,2315,4/23/2025 8:59,,1542.81,Headphones,False
384,4343,2/1/2025 5:34,,1642.93,Tablet,False
385,2255,5/1/2025 17:25,5/1/2025 18:42,575.56,Tablet,False
386,8812,6/26/2025 8:37,6/26/2025 10:53,1894.56,Laptop,False
387,2303,2/22/2025 4:19,,1937,Tablet,False
388,8847,2/28/2025 7:57,2/28/2025 8:49,661.41,Laptop,True
389,1744,5/29/2025 5:15,5/29/2025 8:02,1252.04,Tablet,False
390,5059,3/7/2025 16:25,3/7/2025 19:21,291.79,Tablet,False
391,5744,4/22/2025 5:11,,462.18,Laptop,False
392,5239,4/12/2025 6:29,4/12/2025 7:26,1365.85,Monitor,True
393,9640,2/13/2025 17:35,2/13/2025 18:23,1045.85,Headphones,False
394,5437,2/19/2025 16:14,2/19/2025 17:31,1512.85,Smartphone,False
395,7493,4/8/2025 18:27,,900.44,Tablet,False
396,6888,5/28/2025 17:30,5/28/2025 17:54,1208.65,Headphones,False
397,5262,2/23/2025 2:42,2/23/2025 4:23,299.63,Smartphone,True
398,2043,1/16/2025 0:54,1/16/2025 3:25,1526.08,Monitor,True
399,7358,2/11/2025 0:28,2/11/2025 2:57,787.74,Smartphone,True
400,3479,2/27/2025 7:39,2/27/2025 10:04,1979.92,Headphones,True
401,2897,5/3/2025 12:34,5/3/2025 13:20,196.45,Monitor,False
402,9144,4/22/2025 1:33,4/22/2025 4:10,1801.87,Keyboard,False
403,2824,5/11/2025 0:15,5/11/2025 1:45,533.91,Smartphone,True
404,5952,3/27/2025 20:21,,1619.73,Keyboard,False
405,8465,1/4/2025 9:36,,1313.37,Tablet,False
406,4783,6/4/2025 23:28,6/5/2025 1:53,530.37,Headphones,True
407,3655,1/20/2025 0:25,1/20/2025 0:48,161.12,Headphones,True
408,3459,1/20/2025 21:26,1/20/2025 22:07,1814.37,Headphones,False
409,2029,5/20/2025 19:47,,1258.36,Laptop,False
410,1302,5/8/2025 7:49,5/8/2025 10:04,1093.59,Laptop,True
411,7783,5/2/2025 13:44,5/2/2025 15:11,1458.4,Smartphone,False
412,5592,1/18/2025 10:05,1/18/2025 12:21,1307.75,Keyboard,True
413,2167,5/25/2025 16:09,5/25/2025 18:13,1169.57,Tablet,False
414,4043,4/15/2025 22:07,4/16/2025 0:16,699.17,Smartphone,False
415,6796,4/10/2025 16:44,4/10/2025 18:30,1044.54,Monitor,True
416,8255,6/3/2025 14:55,,1043.48,Monitor,False
417,1491,6/12/2025 23:41,6/13/2025 1:58,1108.13,Laptop,False
418,1605,6/17/2025 19:35,6/17/2025 22:08,1988.73,Laptop,True
419,5370,4/11/2025 5:16,4/11/2025 7:45,1246.61,Monitor,True
420,2700,1/1/2025 18:35,1/1/2025 20:09,994.22,Headphones,True
421,7525,6/26/2025 4:57,6/26/2025 7:16,1272.6,Smartphone,False
422,7899,5/18/2025 23:44,,1778.63,Monitor,False
423,3587,5/27/2025 15:03,,1540.21,Laptop,False
424,9901,6/29/2025 1:34,6/29/2025 3:41,299.14,Laptop,False
425,9506,1/6/2025 4:21,1/6/2025 5:09,1175.82,Headphones,False
426,5109,6/24/2025 1:38,6/24/2025 2:54,1996.75,Keyboard,True
427,4201,3/16/2025 8:10,,107.42,Headphones,False
428,1797,4/9/2025 18:08,4/9/2025 18:44,1451.71,Headphones,True
429,4423,6/2/2025 5:40,6/2/2025 6:44,1362.22,Monitor,True
430,4935,4/1/2025 10:21,4/1/2025 12:04,1310.79,Headphones,True
431,2139,4/16/2025 3:44,4/16/2025 6:42,1538.69,Headphones,False
432,2163,5/23/2025 5:09,5/23/2025 8:08,1400.5,Laptop,True
433,3530,1/5/2025 8:49,1/5/2025 9:50,1298.3,Headphones,False
434,5997,6/7/2025 6:50,,1834.81,Tablet,False
435,6528,6/1/2025 11:41,6/1/2025 14:33,1458.32,Keyboard,False
436,6875,6/17/2025 3:44,,652.57,Laptop,False
437,9681,4/22/2025 16:51,4/22/2025 19:01,1005.96,Keyboard,True
438,2948,6/20/2025 13:25,,261.22,Tablet,False
439,6419,3/18/2025 0:50,3/18/2025 3:13,1601.13,Keyboard,False
440,1813,5/26/2025 19:29,,1203.08,Headphones,False
441,3624,4/24/2025 16:25,4/24/2025 19:13,1117.34,Smartphone,True
442,4298,3/7/2025 13:26,3/7/2025 14:58,1676.76,Keyboard,False
443,8746,5/27/2025 10:55,5/27/2025 12:57,1643.33,Keyboard,False
444,4882,2/13/2025 0:20,,273.78,Tablet,False
445,5675,2/5/2025 6:28,,321.62,Smartphone,False
446,6925,1/16/2025 8:47,1/16/2025 9:43,1763.07,Monitor,True
447,2653,3/5/2025 7:52,,1693.67,Headphones,False
448,5159,5/12/2025 9:22,5/12/2025 10:56,1727.64,Headphones,False
449,5575,6/29/2025 5:53,6/29/2025 7:33,1397.87,Smartphone,False
450,4344,4/29/2025 5:47,4/29/2025 6:16,1773.04,Tablet,True
451,5429,3/14/2025 3:46,,1587.12,Keyboard,False
452,5688,4/4/2025 10:08,,1940.64,Keyboard,False
453,6339,1/28/2025 13:18,1/28/2025 13:31,1105.92,Laptop,False
454,3767,3/20/2025 17:38,3/20/2025 20:05,918.34,Laptop,False
455,6529,3/3/2025 7:48,3/3/2025 9:41,1139.46,Monitor,True
456,9817,2/23/2025 1:49,,1685.58,Headphones,False
457,5220,5/11/2025 8:57,5/11/2025 9:12,1277.11,Keyboard,False
458,3318,1/3/2025 13:16,1/3/2025 15:27,1201.8,Tablet,True
459,7025,1/27/2025 14:42,1/27/2025 17:41,231.41,Smartphone,False
460,6157,2/9/2025 8:38,2/9/2025 10:43,1234.24,Keyboard,True
461,9680,1/24/2025 15:04,,1145.46,Tablet,False
462,5088,4/6/2025 9:10,4/6/2025 11:23,355.84,Laptop,False
463,4815,3/23/2025 1:59,,933.16,Smartphone,False
464,8891,5/21/2025 7:51,,726.95,Smartphone,False
465,4067,4/25/2025 14:40,4/25/2025 17:21,298.41,Laptop,False
466,2698,6/6/2025 12:44,6/6/2025 13:42,1120.47,Laptop,True
467,7642,4/22/2025 8:19,4/22/2025 11:16,1383.36,Monitor,False
468,1177,3/4/2025 2:12,3/4/2025 4:31,517.82,Tablet,False
469,7950,2/22/2025 17:25,,1301.96,Smartphone,False
470,2199,5/28/2025 18:06,5/28/2025 20:04,670.52,Smartphone,True
471,8414,5/5/2025 1:15,,1031.43,Tablet,False
472,7486,4/24/2025 8:28,4/24/2025 11:08,1744.75,Smartphone,True
473,6798,5/10/2025 20:57,,1193.66,Keyboard,False
474,5562,5/14/2025 12:15,,841.31,Laptop,False
475,5436,6/18/2025 9:33,6/18/2025 12:20,673.44,Smartphone,True
476,2601,2/5/2025 5:39,,779.4,Monitor,False
477,6013,2/18/2025 12:26,2/18/2025 15:16,1371.62,Keyboard,False
478,9485,1/10/2025 1:00,,195.88,Monitor,False
479,6614,2/5/2025 8:50,2/5/2025 11:00,1170.12,Tablet,True
480,6846,1/24/2025 18:22,1/24/2025 20:34,915.01,Laptop,True
481,8132,5/11/2025 20:21,5/11/2025 22:48,1296.51,Smartphone,True
482,2349,2/5/2025 16:21,2/5/2025 16:45,1291.39,Smartphone,True
483,1060,4/24/2025 0:05,,1671.45,Laptop,False
484,8030,6/6/2025 7:25,6/6/2025 9:57,159.29,Smartphone,False
485,2057,4/16/2025 22:14,,164.1,Monitor,False
486,4501,4/7/2025 23:44,4/8/2025 0:21,1529.15,Tablet,False
487,1493,2/7/2025 11:50,2/7/2025 14:08,1491.68,Monitor,True
488,7329,4/20/2025 5:53,4/20/2025 7:05,140.41,Tablet,False
489,2565,3/28/2025 9:05,3/28/2025 9:13,1906.36,Smartphone,True
490,4975,3/2/2025 3:36,,1224.04,Headphones,False
491,6930,6/10/2025 6:42,6/10/2025 7:55,1889.58,Monitor,True
492,8492,4/29/2025 18:26,4/29/2025 20:54,1410.47,Monitor,True
493,5869,3/14/2025 15:23,3/14/2025 16:45,629.82,Monitor,True
494,6315,5/18/2025 12:06,5/18/2025 13:29,1676.85,Keyboard,True
495,3424,1/15/2025 2:34,,177.31,Monitor,False
496,7372,5/9/2025 16:32,5/9/2025 19:20,639.41,Headphones,True
497,3464,5/22/2025 21:12,5/22/2025 22:07,1034.48,Smartphone,False
498,9738,5/13/2025 16:31,,1369.94,Headphones,False
499,2408,1/4/2025 21:04,1/4/2025 23:52,1504.26,Headphones,True
500,6833,6/8/2025 8:10,6/8/2025 11:07,1746.38,Smartphone,True
501,6512,5/28/2025 16:53,,1829.94,Keyboard,False
502,9234,3/21/2025 16:12,,634.41,Headphones,False
503,1116,6/27/2025 18:01,6/27/2025 19:04,494.34,Keyboard,True
504,5889,4/19/2025 22:58,4/20/2025 1:20,1988.54,Smartphone,False
505,1948,3/11/2025 18:52,,407.5,Smartphone,False
506,7873,4/11/2025 16:31,,1623.38,Headphones,False
507,2014,3/29/2025 20:14,3/29/2025 22:40,1586,Headphones,True
508,2170,5/22/2025 22:06,5/22/2025 23:42,419.46,Laptop,True
509,7924,3/6/2025 9:49,3/6/2025 12:05,1713.93,Smartphone,True
510,6820,5/18/2025 2:06,5/18/2025 4:42,943.86,Keyboard,True
511,6959,1/3/2025 11:44,1/3/2025 13:51,1999.2,Smartphone,False
512,6760,6/18/2025 15:17,6/18/2025 17:27,671.4,Tablet,False
513,8055,3/26/2025 1:21,,1115.77,Smartphone,False
514,3443,6/20/2025 6:44,6/20/2025 7:06,1448.16,Keyboard,True
515,8212,2/2/2025 8:06,2/2/2025 8:43,1634.37,Monitor,False
516,9490,3/10/2025 7:24,,1355.47,Tablet,False
517,7261,1/23/2025 9:31,1/23/2025 10:48,900,Tablet,True
518,3081,2/12/2025 5:07,,1248.91,Tablet,False
519,8069,4/26/2025 17:44,,149.82,Smartphone,False
520,3242,6/12/2025 22:35,6/12/2025 23:17,1094.29,Tablet,False
521,6784,5/31/2025 7:59,5/31/2025 8:50,1921.19,Laptop,True
522,1888,5/16/2025 1:56,,788.97,Smartphone,False
523,4071,6/12/2025 15:34,6/12/2025 17:44,424.68,Monitor,True
524,4004,1/1/2025 8:30,1/1/2025 9:58,597.24,Tablet,False
525,1062,1/3/2025 1:21,1/3/2025 1:40,254.76,Laptop,True
526,4021,4/5/2025 9:48,4/5/2025 11:56,1818.35,Keyboard,True
527,2223,3/7/2025 0:06,3/7/2025 3:01,1742.81,Keyboard,True
528,9717,4/8/2025 5:20,4/8/2025 6:58,1431.84,Tablet,True
529,1454,4/15/2025 4:11,4/15/2025 5:35,386.74,Headphones,False
530,7733,2/27/2025 14:39,2/27/2025 17:32,1684.27,Headphones,True
531,2595,4/24/2025 8:51,4/24/2025 10:06,1997.26,Laptop,False
532,6005,2/22/2025 10:18,2/22/2025 10:31,215.92,Keyboard,True
533,9068,4/17/2025 12:01,4/17/2025 12:42,1911.56,Tablet,True
534,9207,2/23/2025 3:16,2/23/2025 5:34,121.67,Monitor,False
535,4157,3/19/2025 19:51,3/19/2025 20:02,422.93,Monitor,True
536,8060,3/10/2025 20:56,3/10/2025 21:41,1466.18,Tablet,False
537,9143,2/9/2025 4:36,,900.84,Monitor,False
538,1543,4/3/2025 15:52,4/3/2025 18:44,1745.86,Tablet,False
539,9749,4/10/2025 16:11,4/10/2025 18:59,605.84,Smartphone,True
540,6154,6/25/2025 14:46,6/25/2025 16:03,544.3,Monitor,True
541,5691,3/6/2025 12:08,3/6/2025 14:13,454.38,Smartphone,True
542,1218,6/13/2025 6:54,,1663.72,Smartphone,False
543,8291,4/20/2025 13:34,4/20/2025 15:47,1561.68,Monitor,True
544,9261,4/11/2025 11:07,4/11/2025 11:19,1778.67,Monitor,False
545,8909,5/21/2025 11:31,5/21/2025 14:25,1250.41,Monitor,True
546,5600,1/17/2025 19:37,1/17/2025 19:45,137.08,Smartphone,False
547,2197,4/11/2025 19:51,4/11/2025 21:11,495.74,Monitor,False
548,5838,1/1/2025 5:31,1/1/2025 5:37,1324.7,Monitor,False
549,5600,4/17/2025 22:31,4/17/2025 23:25,1092.7,Monitor,True
550,8220,5/29/2025 18:37,,941.44,Laptop,False
551,3633,3/3/2025 9:01,,637.77,Monitor,False
552,8252,4/22/2025 21:30,4/22/2025 23:31,1073.68,Headphones,False
553,7845,5/15/2025 15:32,5/15/2025 16:10,294.95,Monitor,False
554,8233,3/11/2025 1:55,3/11/2025 3:57,1833.1,Keyboard,True
555,4683,5/27/2025 5:37,,234.83,Headphones,False
556,1457,1/1/2025 13:42,1/1/2025 16:02,1189.96,Keyboard,True
557,6112,2/4/2025 11:10,2/4/2025 12:35,794.5,Headphones,True
558,1007,1/5/2025 2:52,,1146.05,Laptop,False
559,9715,4/30/2025 14:13,4/30/2025 16:32,366.13,Monitor,True
560,4504,4/8/2025 13:57,,656.17,Monitor,False
561,7842,1/5/2025 4:52,1/5/2025 6:59,1778.02,Keyboard,False
562,3283,4/19/2025 19:26,,586.22,Laptop,False
563,9260,3/21/2025 15:48,3/21/2025 16:20,1766.88,Monitor,False
564,3511,6/3/2025 13:14,6/3/2025 13:22,1054.8,Keyboard,True
565,5210,1/7/2025 5:48,1/7/2025 7:18,1029.44,Tablet,False
566,6124,1/10/2025 1:25,1/10/2025 2:00,269.59,Tablet,False
567,3166,6/3/2025 18:25,6/3/2025 19:09,130.71,Smartphone,True
568,5560,5/13/2025 12:21,,1341.43,Headphones,False
569,1716,4/14/2025 11:13,4/14/2025 12:13,405.36,Headphones,True
570,2736,1/24/2025 6:55,1/24/2025 9:54,1188.63,Headphones,True
571,2038,5/19/2025 19:47,5/19/2025 20:57,1815,Keyboard,False
572,9264,4/23/2025 23:24,,650.09,Tablet,False
573,3609,4/28/2025 0:05,4/28/2025 0:16,964.38,Tablet,True
574,9338,4/15/2025 2:04,4/15/2025 4:14,865.1,Headphones,False
575,7198,4/12/2025 17:06,,627.91,Laptop,False
576,4835,4/12/2025 2:15,4/12/2025 5:03,1224.16,Monitor,False
577,9113,1/29/2025 0:00,,1304.59,Smartphone,False
578,5149,2/17/2025 1:11,,651.59,Keyboard,False
579,9190,2/23/2025 10:38,,1275.69,Monitor,False
580,8617,1/22/2025 14:53,,1868.02,Smartphone,False
581,3291,1/1/2025 8:28,,1759.14,Tablet,False
582,8350,5/19/2025 22:32,5/20/2025 0:58,861.52,Keyboard,True
583,4656,3/26/2025 9:39,3/26/2025 10:54,324.31,Smartphone,True
584,7332,2/26/2025 8:40,2/26/2025 10:29,1253.07,Tablet,True
585,8929,1/24/2025 13:41,1/24/2025 15:23,1189.69,Laptop,False
586,5182,2/18/2025 21:18,,1398.91,Laptop,False
587,5856,1/27/2025 12:00,,963.07,Keyboard,False
588,2860,5/9/2025 21:54,,1750.78,Tablet,False
589,9309,4/5/2025 20:33,4/5/2025 20:39,1149.29,Keyboard,True
590,8247,3/5/2025 15:27,3/5/2025 15:32,1565.1,Monitor,True
591,9642,4/23/2025 11:07,4/23/2025 12:25,1679.01,Tablet,False
592,9024,1/21/2025 14:57,,1617.46,Tablet,False
593,5831,6/29/2025 2:17,6/29/2025 2:40,1303.11,Monitor,False
594,9666,2/7/2025 16:26,2/7/2025 16:31,996.56,Keyboard,False
595,6400,4/26/2025 10:44,4/26/2025 13:36,1114.83,Monitor,True
596,9369,4/25/2025 11:10,,214.37,Laptop,False
597,2612,5/2/2025 12:08,5/2/2025 14:47,905.87,Laptop,True
598,3185,3/11/2025 0:06,3/11/2025 2:26,1963.7,Keyboard,True
599,6803,3/31/2025 8:05,3/31/2025 9:47,757.75,Keyboard,True
600,1389,3/7/2025 5:07,3/7/2025 7:13,1161.96,Tablet,False
601,1756,3/3/2025 22:41,3/4/2025 1:40,1783.46,Tablet,True
602,2391,6/24/2025 22:52,6/25/2025 0:40,123.86,Monitor,True
603,2034,1/15/2025 3:09,1/15/2025 5:40,1996.18,Keyboard,True
604,6488,1/20/2025 18:33,1/20/2025 20:04,1658.73,Smartphone,True
605,5372,4/19/2025 0:00,4/19/2025 1:55,631.68,Keyboard,False
606,2557,5/19/2025 20:51,5/19/2025 23:45,1749.2,Laptop,True
607,7874,6/3/2025 18:39,,1812.67,Headphones,False
608,7977,2/6/2025 5:58,2/6/2025 6:47,1969.32,Monitor,True
609,2444,5/20/2025 15:59,5/20/2025 17:21,1793.45,Laptop,True
610,9883,4/3/2025 13:26,4/3/2025 13:39,1422.91,Smartphone,False
611,7620,1/18/2025 6:58,1/18/2025 8:48,1147.53,Smartphone,False
612,6580,1/17/2025 0:08,1/17/2025 3:06,493.56,Keyboard,False
613,6821,4/10/2025 13:28,4/10/2025 14:54,1618.53,Laptop,True
614,3719,6/24/2025 15:09,,991.16,Headphones,False
615,4619,5/23/2025 11:51,,595.38,Headphones,False
616,9965,5/19/2025 19:44,,324.87,Headphones,False
617,2764,4/26/2025 0:58,4/26/2025 1:52,254.11,Tablet,False
618,8261,2/21/2025 15:09,,1509.45,Laptop,False
619,3877,5/11/2025 2:15,5/11/2025 3:06,796.43,Monitor,True
620,1535,5/26/2025 10:48,,356.19,Smartphone,False
621,4662,2/9/2025 17:30,2/9/2025 17:48,1689.89,Smartphone,True
622,2954,5/8/2025 1:18,,138.19,Tablet,False
623,4994,4/6/2025 7:16,4/6/2025 9:05,1085.44,Smartphone,True
624,5837,5/22/2025 11:27,,1483.52,Laptop,False
625,3055,6/29/2025 22:11,,541.88,Smartphone,False
626,1793,4/23/2025 12:26,,1517.23,Headphones,False
627,5957,6/1/2025 18:11,,1539.07,Keyboard,False
628,4638,4/23/2025 2:11,,1339.23,Monitor,False
629,6209,2/20/2025 19:20,2/20/2025 19:26,1696.18,Smartphone,True
630,6343,3/31/2025 23:54,4/1/2025 0:43,317.68,Smartphone,True
631,8670,6/27/2025 14:05,6/27/2025 15:07,208.07,Keyboard,False
632,6876,4/7/2025 2:01,4/7/2025 2:26,381.09,Tablet,True
633,6246,4/13/2025 6:05,,470.7,Monitor,False
634,4591,4/18/2025 7:30,4/18/2025 8:10,1397.1,Smartphone,True
635,7823,3/24/2025 17:17,,1409.75,Smartphone,False
636,7706,1/29/2025 5:43,1/29/2025 7:04,269.66,Keyboard,True
637,5544,3/15/2025 15:56,3/15/2025 17:02,1345.89,Monitor,False
638,8054,1/18/2025 1:39,1/18/2025 1:50,501.69,Laptop,True
639,4450,2/19/2025 4:06,2/19/2025 5:39,1171.11,Headphones,True
640,1379,3/9/2025 0:30,3/9/2025 1:39,1743.31,Tablet,False
641,6200,6/18/2025 12:40,,1847.69,Headphones,False
642,5142,3/27/2025 16:12,,101.76,Tablet,False
643,8934,3/29/2025 6:56,3/29/2025 7:52,1891.35,Monitor,True
644,2087,4/19/2025 19:28,4/19/2025 22:12,448.24,Headphones,False
645,9513,3/25/2025 22:42,3/26/2025 0:10,626.49,Smartphone,False
646,6716,5/10/2025 21:59,,253.84,Keyboard,False
647,2404,5/10/2025 20:31,,1707.5,Headphones,False
648,6265,6/7/2025 3:04,6/7/2025 3:25,1519.39,Tablet,False
649,2801,1/12/2025 17:56,1/12/2025 18:46,681.45,Laptop,True
650,7812,4/25/2025 12:16,4/25/2025 13:51,886.58,Smartphone,False
651,4422,6/23/2025 23:52,,1660.93,Keyboard,False
652,1227,6/28/2025 7:05,,1994.78,Headphones,False
653,4919,3/18/2025 11:11,,1706.81,Laptop,False
654,9276,1/12/2025 8:26,,1078.13,Laptop,False
655,1439,6/24/2025 18:37,6/24/2025 21:14,1235.62,Headphones,True
656,5157,5/9/2025 5:03,5/9/2025 6:57,1918.17,Laptop,False
657,1919,2/16/2025 22:01,2/16/2025 22:54,814.56,Monitor,False
658,5821,2/9/2025 9:15,2/9/2025 11:34,1231.02,Laptop,False
659,6975,6/5/2025 20:15,6/5/2025 22:28,248.78,Monitor,False
660,9411,2/21/2025 11:23,2/21/2025 14:17,844.91,Tablet,False
661,5384,3/2/2025 20:00,3/2/2025 20:59,471.1,Smartphone,True
662,9268,3/13/2025 13:17,3/13/2025 14:37,1740.87,Tablet,False
663,1874,2/25/2025 8:51,2/25/2025 11:26,472.54,Tablet,True
664,6500,4/2/2025 12:09,4/2/2025 14:51,1646.27,Laptop,False
665,9510,1/22/2025 8:45,,1558.37,Tablet,False
666,8095,3/7/2025 16:46,3/7/2025 18:31,237.15,Headphones,False
667,8554,4/1/2025 23:39,4/2/2025 1:31,422.08,Headphones,False
668,2916,4/23/2025 22:46,4/23/2025 23:54,418.66,Smartphone,True
669,1339,2/19/2025 17:58,2/19/2025 19:35,1541.14,Laptop,True
670,2944,3/28/2025 10:55,,646.61,Smartphone,False
671,6421,5/29/2025 7:29,,627.91,Laptop,False
672,5151,3/20/2025 7:57,,784.67,Headphones,False
673,1169,4/5/2025 4:29,4/5/2025 4:37,608.2,Smartphone,True
674,5683,2/4/2025 12:42,2/4/2025 13:53,912.83,Smartphone,True
675,9489,3/4/2025 1:45,3/4/2025 2:24,1489.47,Smartphone,True
676,8337,5/2/2025 4:07,,1085.56,Smartphone,False
677,7322,6/17/2025 3:05,,801.81,Laptop,False
678,1869,3/24/2025 11:04,3/24/2025 12:57,1943.25,Tablet,False
679,1805,3/1/2025 22:28,3/2/2025 0:39,1481.49,Tablet,False
680,3663,5/28/2025 14:25,,1180.51,Keyboard,False
681,3595,4/26/2025 17:05,,596.1,Smartphone,False
682,1629,2/2/2025 18:39,,566.67,Keyboard,False
683,4181,5/16/2025 8:41,,1819.8,Tablet,False
684,9293,1/6/2025 17:31,,146.19,Headphones,False
685,3818,2/22/2025 20:06,2/22/2025 20:59,1315.88,Tablet,False
686,6300,2/3/2025 12:06,,184.92,Tablet,False
687,7842,5/1/2025 6:26,5/1/2025 6:39,436.14,Smartphone,True
688,1822,3/25/2025 18:13,3/25/2025 19:30,912.59,Smartphone,False
689,1722,1/13/2025 8:16,,1050.56,Laptop,False
690,2531,3/7/2025 14:06,3/7/2025 14:47,662.32,Smartphone,True
691,3081,1/21/2025 4:45,,1550.6,Monitor,False
692,1292,6/26/2025 1:33,6/26/2025 3:28,1973.42,Keyboard,True
693,8704,4/9/2025 11:16,4/9/2025 13:09,416.82,Tablet,True
694,7919,4/27/2025 6:29,,1213.98,Keyboard,False
695,5053,6/1/2025 19:40,6/1/2025 22:18,1882.3,Tablet,False
696,1984,2/27/2025 16:35,,764.64,Tablet,False
697,8438,2/14/2025 6:41,2/14/2025 9:31,480.61,Smartphone,False
698,2274,1/31/2025 21:01,,716.1,Tablet,False
699,4926,5/26/2025 20:26,5/26/2025 22:56,1699.39,Smartphone,True
700,8093,3/23/2025 2:29,,483.64,Tablet,False
701,4843,1/9/2025 20:04,,1302.81,Laptop,False
702,1682,5/21/2025 3:47,5/21/2025 6:15,421.47,Headphones,False
703,1052,3/20/2025 7:59,3/20/2025 9:15,642.22,Headphones,True
704,7153,6/28/2025 22:29,6/28/2025 23:54,1394.48,Tablet,True
705,1255,4/6/2025 16:06,4/6/2025 16:49,454.59,Tablet,True
706,1576,3/26/2025 21:03,3/26/2025 22:33,329.39,Smartphone,False
707,1875,3/14/2025 0:44,3/14/2025 2:29,224.04,Laptop,True
708,8890,2/27/2025 6:58,2/27/2025 9:33,846.28,Tablet,True
709,5042,2/15/2025 18:25,,718.36,Monitor,False
710,7006,4/8/2025 18:37,4/8/2025 20:11,1998.71,Tablet,True
711,3285,6/11/2025 12:43,,507.59,Headphones,False
712,7563,3/30/2025 6:23,3/30/2025 6:32,953.2,Headphones,True
713,7176,3/22/2025 0:55,3/22/2025 3:02,1118.4,Laptop,False
714,6898,6/4/2025 5:19,6/4/2025 6:33,163.45,Smartphone,True
715,7965,6/21/2025 7:26,,1179.51,Monitor,False
716,3225,1/24/2025 10:03,1/24/2025 11:14,691.47,Monitor,True
717,6566,3/12/2025 21:39,3/12/2025 22:08,1423.4,Keyboard,True
718,9089,3/11/2025 6:59,3/11/2025 8:37,1109.82,Tablet,False
719,4041,2/14/2025 15:00,2/14/2025 18:00,1334.44,Smartphone,True
720,9935,5/31/2025 21:29,,1190.59,Monitor,False
721,7934,5/15/2025 12:13,,1898.87,Tablet,False
722,9635,3/31/2025 9:42,3/31/2025 11:49,1645.11,Tablet,True
723,2807,4/9/2025 22:23,4/10/2025 1:09,195.39,Laptop,False
724,4065,1/5/2025 10:45,1/5/2025 13:18,1537.43,Smartphone,True
725,1388,2/18/2025 17:07,2/18/2025 19:33,432.29,Headphones,False
726,2834,6/20/2025 19:36,6/20/2025 21:10,990.82,Monitor,False
727,6610,6/29/2025 11:03,6/29/2025 13:05,520.99,Tablet,True
728,1159,4/5/2025 0:52,,1974.38,Headphones,False
729,9817,6/28/2025 1:55,6/28/2025 3:16,1486.72,Monitor,True
730,5065,4/10/2025 22:39,,1112.35,Keyboard,False
731,2943,3/25/2025 17:28,3/25/2025 17:53,1602.91,Keyboard,False
732,3462,3/12/2025 3:20,3/12/2025 3:58,1643.49,Monitor,False
733,7094,5/15/2025 15:06,5/15/2025 16:00,646.37,Headphones,True
734,3274,1/28/2025 7:31,1/28/2025 10:04,246,Keyboard,False
735,1663,4/20/2025 12:54,4/20/2025 14:47,1168.93,Keyboard,False
736,2836,2/14/2025 10:39,2/14/2025 13:12,1492.68,Headphones,False
737,4279,5/8/2025 9:27,5/8/2025 10:15,1562.98,Headphones,False
738,3796,2/13/2025 7:57,2/13/2025 9:12,772.64,Headphones,True
739,8149,6/6/2025 0:44,6/6/2025 3:31,1627.59,Smartphone,False
740,9897,2/13/2025 15:26,,639.12,Headphones,False
741,1957,5/16/2025 20:34,,1724.14,Tablet,False
742,4249,2/23/2025 22:19,2/23/2025 23:23,1301.06,Monitor,True
743,6286,4/24/2025 19:14,4/24/2025 20:56,544.97,Laptop,False
744,2001,2/6/2025 3:34,2/6/2025 4:20,206,Tablet,True
745,4731,6/15/2025 1:55,6/15/2025 3:48,1857.8,Headphones,True
746,4052,4/16/2025 9:07,4/16/2025 10:36,486.98,Headphones,True
747,5981,3/12/2025 14:22,,782.76,Smartphone,False
748,8938,1/29/2025 20:25,1/29/2025 20:41,1965.79,Monitor,False
749,3551,2/3/2025 18:07,2/3/2025 20:46,921.22,Keyboard,False
750,7582,6/1/2025 1:28,6/1/2025 2:18,1467.53,Smartphone,False
751,6218,1/27/2025 19:29,1/27/2025 21:31,1973.13,Smartphone,False
752,1764,2/15/2025 12:07,,819.23,Tablet,False
753,6220,6/2/2025 16:20,6/2/2025 18:01,1586.65,Monitor,True
754,3476,6/1/2025 18:25,,1849.76,Headphones,False
755,8530,3/24/2025 0:44,,158.57,Laptop,False
756,3399,2/22/2025 14:32,2/22/2025 14:55,892.37,Laptop,False
757,3209,4/25/2025 20:00,4/25/2025 22:24,1133.8,Smartphone,False
758,2859,4/16/2025 15:49,,434.72,Keyboard,False
759,1029,5/26/2025 13:52,5/26/2025 16:02,564.34,Headphones,False
760,1355,1/27/2025 9:52,1/27/2025 12:39,1801.1,Headphones,True
761,4002,1/31/2025 9:19,1/31/2025 11:33,1832.02,Laptop,True
762,8906,1/3/2025 3:11,1/3/2025 4:51,1971.74,Monitor,True
763,6819,4/27/2025 7:57,4/27/2025 9:10,1249.88,Laptop,True
764,4317,2/24/2025 12:57,2/24/2025 13:15,1373.12,Keyboard,True
765,7710,6/19/2025 16:47,6/19/2025 19:15,306.69,Smartphone,True
766,2806,3/20/2025 1:12,3/20/2025 3:22,1217.52,Smartphone,True
767,7903,1/16/2025 16:06,1/16/2025 18:51,1457.52,Monitor,False
768,3960,6/10/2025 20:19,6/10/2025 22:07,270.5,Headphones,True
769,5304,6/1/2025 18:27,,735.66,Headphones,False
770,1929,5/14/2025 6:10,5/14/2025 6:23,1427.02,Laptop,False
771,6337,1/4/2025 12:33,1/4/2025 15:20,1644.61,Smartphone,False
772,3912,5/31/2025 6:25,,1940.89,Tablet,False
773,3929,3/28/2025 21:08,3/29/2025 0:04,1220.3,Headphones,True
774,9581,1/14/2025 13:44,1/14/2025 14:54,1387.41,Laptop,True
775,9572,6/19/2025 6:58,,1060.86,Headphones,False
776,7520,6/18/2025 11:53,,152.91,Headphones,False
777,8474,2/16/2025 15:50,,1705.34,Tablet,False
778,2557,5/10/2025 22:05,,309.45,Tablet,False
779,3007,2/23/2025 18:40,2/23/2025 21:24,1702.84,Tablet,False
780,6000,5/29/2025 16:20,5/29/2025 17:07,1868.97,Laptop,True
781,7487,5/9/2025 16:10,5/9/2025 17:59,899.69,Smartphone,False
782,8756,2/11/2025 5:38,2/11/2025 6:58,1160.47,Headphones,True
783,8314,3/10/2025 5:35,3/10/2025 6:10,735.11,Keyboard,True
784,8351,5/4/2025 13:44,,1662.57,Keyboard,False
785,2130,3/18/2025 5:48,3/18/2025 8:40,461.86,Keyboard,True
786,3116,1/29/2025 20:29,1/29/2025 23:08,1795.91,Laptop,True
787,8868,2/11/2025 14:58,2/11/2025 15:10,304.65,Headphones,False
788,9806,4/11/2025 20:59,,1503.51,Monitor,False
789,5787,1/11/2025 9:21,,728.72,Headphones,False
790,3525,4/28/2025 9:02,,1280.48,Laptop,False
791,5076,2/13/2025 11:05,,290.25,Monitor,False
792,4393,6/10/2025 11:44,,306.28,Headphones,False
793,4685,5/23/2025 16:39,5/23/2025 17:54,1938.94,Monitor,False
794,1577,4/15/2025 2:00,4/15/2025 3:54,760.93,Smartphone,True
795,1951,1/13/2025 18:37,1/13/2025 19:20,847.73,Monitor,True
796,3591,5/4/2025 19:38,,747.49,Headphones,False
797,2883,3/4/2025 17:00,3/4/2025 17:56,864.16,Keyboard,True
798,1557,3/25/2025 20:32,3/25/2025 21:17,1506.59,Tablet,True
799,9096,6/27/2025 20:08,6/27/2025 20:50,929.78,Headphones,False
800,6237,1/23/2025 5:15,1/23/2025 7:37,318.34,Headphones,False
801,2348,1/30/2025 16:37,1/30/2025 17:04,730.31,Monitor,False
802,8098,3/24/2025 11:36,,1862.7,Keyboard,False
803,5656,5/22/2025 7:32,5/22/2025 9:34,1112.17,Smartphone,False
804,4283,6/17/2025 5:26,,1001.88,Tablet,False
805,3214,2/8/2025 10:54,2/8/2025 13:43,728.24,Headphones,True
806,2419,1/8/2025 15:48,1/8/2025 17:15,1101.46,Headphones,True
807,1203,3/12/2025 2:13,3/12/2025 3:06,1143.54,Headphones,False
808,6890,5/12/2025 10:31,5/12/2025 11:40,932.94,Monitor,True
809,3416,2/23/2025 4:29,,204.04,Laptop,False
810,3707,6/6/2025 4:11,6/6/2025 6:47,1947.59,Headphones,True
811,9970,3/29/2025 8:29,,346.86,Keyboard,False
812,7000,4/17/2025 3:10,,114.11,Smartphone,False
813,8330,5/4/2025 5:00,5/4/2025 5:20,1035.96,Laptop,True
814,5542,3/14/2025 5:39,3/14/2025 6:05,1933.72,Smartphone,True
815,9180,5/3/2025 5:54,5/3/2025 7:08,1825.96,Tablet,True
816,5047,2/9/2025 13:23,2/9/2025 15:01,1740.4,Keyboard,True
817,6424,5/20/2025 6:09,5/20/2025 7:42,277.12,Keyboard,True
818,4688,1/23/2025 8:42,1/23/2025 9:06,764.74,Smartphone,False
819,8208,5/29/2025 23:46,,1850.22,Smartphone,False
820,9070,6/28/2025 16:05,,972.82,Tablet,False
821,3274,2/20/2025 17:10,,713.29,Laptop,False
822,8127,3/3/2025 1:37,3/3/2025 2:03,444.46,Tablet,False
823,5914,3/4/2025 14:28,3/4/2025 14:46,300.52,Keyboard,False
824,2561,2/1/2025 14:22,2/1/2025 17:15,1067.54,Keyboard,False
825,9635,4/8/2025 11:28,4/8/2025 13:54,1390.38,Laptop,False
826,1600,5/11/2025 23:41,,1448.12,Tablet,False
827,9512,5/4/2025 12:32,5/4/2025 13:38,510.2,Monitor,False
828,5926,3/23/2025 14:08,3/23/2025 14:54,576.14,Laptop,False
829,7210,3/5/2025 8:00,,932.71,Headphones,False
830,3302,1/6/2025 16:35,1/6/2025 17:04,466.83,Laptop,True
831,5481,5/7/2025 18:16,,902.38,Headphones,False
832,9800,4/20/2025 17:39,4/20/2025 18:51,1078.12,Headphones,False
833,8593,5/25/2025 6:28,5/25/2025 7:18,1845.04,Tablet,False
834,7077,2/13/2025 10:41,2/13/2025 11:10,571.74,Monitor,True
835,8063,5/20/2025 3:04,5/20/2025 5:45,1460.95,Monitor,False
836,9488,1/1/2025 0:35,1/1/2025 0:43,1529.15,Smartphone,True
837,3313,1/23/2025 10:28,1/23/2025 13:12,1494.55,Keyboard,False
838,2481,1/27/2025 12:47,1/27/2025 14:15,341.66,Laptop,False
839,6120,1/30/2025 3:58,1/30/2025 5:55,937.1,Smartphone,False
840,3886,5/31/2025 17:31,5/31/2025 19:01,228.38,Keyboard,False
841,6386,3/5/2025 16:06,,1341.71,Laptop,False
842,9239,5/10/2025 0:01,5/10/2025 0:41,381.75,Keyboard,True
843,9951,1/1/2025 3:08,1/1/2025 3:36,803.27,Monitor,False
844,9310,2/20/2025 20:08,2/20/2025 21:52,1979.83,Laptop,True
845,4751,5/26/2025 20:18,5/26/2025 22:50,1738.99,Tablet,True
846,1912,2/7/2025 23:55,2/8/2025 1:31,1286.83,Keyboard,True
847,5500,2/14/2025 19:53,,579.73,Smartphone,False
848,6184,1/11/2025 17:15,1/11/2025 17:56,307.8,Headphones,True
849,9675,4/30/2025 0:43,4/30/2025 2:33,182.85,Laptop,False
850,4562,1/3/2025 4:25,,1221.49,Smartphone,False
851,5210,4/15/2025 20:24,4/15/2025 21:22,347.43,Headphones,True
852,9766,3/31/2025 19:01,,845.98,Monitor,False
853,8442,5/11/2025 18:28,5/11/2025 19:59,747.53,Smartphone,False
854,7608,5/30/2025 6:40,5/30/2025 9:19,1573.19,Monitor,True
855,4345,5/7/2025 2:58,5/7/2025 5:25,1184.71,Smartphone,True
856,6197,4/15/2025 8:29,4/15/2025 8:58,1135.14,Monitor,True
857,3149,4/18/2025 9:12,,1132.45,Keyboard,False
858,2833,2/16/2025 4:41,2/16/2025 7:11,1848.79,Laptop,True
859,3519,3/8/2025 0:22,3/8/2025 0:43,229.81,Tablet,False
860,8170,2/14/2025 5:05,,1506.39,Headphones,False
861,5444,2/13/2025 17:18,2/13/2025 20:06,1803.42,Keyboard,False
862,1284,1/15/2025 19:19,1/15/2025 21:50,379.64,Monitor,False
863,3052,2/27/2025 17:50,,1217.83,Headphones,False
864,5145,5/23/2025 15:33,5/23/2025 17:33,1609.46,Keyboard,False
865,8475,1/24/2025 21:35,,281.37,Laptop,False
866,7877,6/15/2025 22:52,,1929.52,Tablet,False
867,4660,6/25/2025 19:52,,815.95,Keyboard,False
868,8439,5/3/2025 1:50,5/3/2025 4:29,920.26,Monitor,True
869,6193,4/13/2025 15:14,4/13/2025 16:48,828.45,Tablet,False
870,2430,1/5/2025 9:21,1/5/2025 11:55,1554.19,Monitor,False
871,6879,2/25/2025 16:02,2/25/2025 18:10,141.29,Headphones,False
872,6719,2/26/2025 23:39,2/27/2025 2:31,909.18,Keyboard,False
873,2806,1/16/2025 12:39,1/16/2025 13:36,1361.9,Laptop,False
874,6663,4/22/2025 2:49,4/22/2025 5:13,1015.33,Monitor,True
875,4275,4/5/2025 20:05,4/5/2025 21:43,1114.64,Keyboard,True
876,1569,2/20/2025 3:24,,1113.36,Laptop,False
877,1058,5/29/2025 21:23,5/29/2025 21:39,1471.23,Laptop,False
878,8945,6/10/2025 19:01,,931.27,Smartphone,False
879,3582,6/16/2025 4:23,,1281.68,Monitor,False
880,9794,4/30/2025 20:39,,1645.99,Monitor,False
881,3273,5/29/2025 9:01,,591.25,Keyboard,False
882,4092,5/16/2025 3:24,5/16/2025 5:50,524.28,Monitor,False
883,1565,4/9/2025 8:53,4/9/2025 10:15,905.44,Monitor,True
884,2268,4/23/2025 10:47,4/23/2025 11:31,1269.95,Headphones,True
885,6064,4/8/2025 10:24,,1453.14,Tablet,False
886,5706,5/25/2025 15:37,5/25/2025 16:54,157.43,Headphones,False
887,5332,2/26/2025 21:43,2/27/2025 0:33,879.06,Monitor,False
888,5228,3/24/2025 4:05,3/24/2025 6:22,310,Keyboard,True
889,1768,2/25/2025 11:05,2/25/2025 11:32,1180.69,Headphones,True
890,4410,4/9/2025 10:43,4/9/2025 12:05,762.55,Smartphone,True
891,8728,2/21/2025 8:15,2/21/2025 10:04,1666.73,Monitor,True
892,2432,2/12/2025 18:26,2/12/2025 20:23,1898.83,Headphones,True
893,2602,4/10/2025 19:19,4/10/2025 20:17,1416.58,Headphones,False
894,5426,1/30/2025 14:25,1/30/2025 16:40,1308.54,Laptop,False
895,4934,5/14/2025 16:48,5/14/2025 19:43,1605.24,Laptop,False
896,8239,6/22/2025 17:17,,505.4,Tablet,False
897,3253,5/2/2025 8:25,5/2/2025 10:22,1777.79,Keyboard,True
898,9988,2/2/2025 23:13,2/3/2025 0:50,1002.4,Keyboard,True
899,2566,5/8/2025 12:51,5/8/2025 13:49,517.43,Keyboard,False
900,2876,5/6/2025 21:34,,1514.53,Tablet,False
901,1667,2/24/2025 9:03,2/24/2025 10:10,874.66,Keyboard,True
902,2667,3/23/2025 21:05,,583.19,Laptop,False
903,5390,3/18/2025 22:06,,1597.14,Laptop,False
904,4130,2/15/2025 11:02,2/15/2025 12:47,300.88,Monitor,False
905,8930,1/21/2025 1:52,,1131.28,Keyboard,False
906,2360,3/10/2025 17:44,3/10/2025 19:33,660.03,Keyboard,True
907,4292,4/17/2025 20:15,4/17/2025 21:02,1398.34,Tablet,False
908,4336,2/20/2025 5:40,2/20/2025 6:33,1689.87,Monitor,True
909,4696,6/3/2025 19:58,6/3/2025 20:28,1093.4,Monitor,False
910,5550,3/29/2025 8:53,3/29/2025 10:21,287.49,Smartphone,True
911,4083,1/19/2025 14:49,1/19/2025 16:55,1378.9,Smartphone,True
912,3213,4/9/2025 5:43,,535.42,Keyboard,False
913,1570,1/6/2025 11:29,1/6/2025 14:24,569.38,Keyboard,True
914,4458,6/16/2025 12:25,6/16/2025 15:11,307.47,Monitor,False
915,3508,1/28/2025 23:20,1/29/2025 2:10,110.42,Monitor,True
916,6132,3/28/2025 18:30,,921.68,Monitor,False
917,6277,3/7/2025 10:03,3/7/2025 10:16,1454.25,Keyboard,True
918,9886,1/1/2025 3:39,1/1/2025 6:36,1250.24,Monitor,False
919,5872,6/16/2025 8:34,6/16/2025 9:03,1399.71,Headphones,True
920,2481,1/27/2025 1:13,,901.75,Smartphone,False
921,9989,5/27/2025 3:17,5/27/2025 6:13,1531.19,Keyboard,False
922,7256,4/10/2025 6:29,4/10/2025 7:59,106.51,Tablet,False
923,5637,2/12/2025 10:35,,1545.1,Headphones,False
924,5470,3/22/2025 8:31,3/22/2025 8:47,1355.24,Headphones,True
925,4462,5/4/2025 16:39,,1662.03,Keyboard,False
926,7430,5/2/2025 17:29,,602.6,Keyboard,False
927,7331,1/29/2025 9:24,1/29/2025 11:02,521.79,Smartphone,True
928,1767,5/2/2025 5:23,5/2/2025 6:25,1631.03,Headphones,True
929,3452,4/24/2025 21:36,4/24/2025 23:43,1687.97,Smartphone,False
930,5443,4/11/2025 9:23,4/11/2025 10:35,760.68,Keyboard,False
931,1370,4/15/2025 22:53,4/16/2025 0:59,1874.52,Tablet,True
932,2374,3/27/2025 7:14,3/27/2025 8:36,1420.91,Laptop,True
933,1653,2/22/2025 8:39,2/22/2025 10:45,184.21,Keyboard,False
934,4122,3/21/2025 15:04,,1788.93,Monitor,False
935,6409,4/19/2025 23:10,4/20/2025 0:15,1588.69,Laptop,True
936,4526,1/5/2025 0:59,1/5/2025 2:04,1960.88,Monitor,False
937,9574,2/7/2025 16:10,2/7/2025 18:42,1048.58,Laptop,True
938,4330,1/1/2025 10:20,1/1/2025 10:47,371.98,Smartphone,True
939,7255,2/8/2025 20:26,2/8/2025 22:59,602.87,Monitor,True
940,6860,1/18/2025 5:03,,1337.91,Headphones,False
941,3210,5/22/2025 9:15,5/22/2025 11:13,971.52,Smartphone,True
942,5480,2/11/2025 15:01,2/11/2025 17:08,1371.23,Laptop,False
943,6406,2/10/2025 22:55,,1338.84,Laptop,False
944,7629,3/5/2025 4:08,3/5/2025 6:15,501.29,Monitor,False
945,3851,6/3/2025 3:14,6/3/2025 4:03,127.76,Laptop,False
946,9120,4/18/2025 4:37,,1535.08,Smartphone,False
947,1108,6/6/2025 17:04,6/6/2025 18:22,161.76,Tablet,False
948,5095,5/18/2025 9:46,5/18/2025 10:42,1624.67,Smartphone,False
949,8199,2/3/2025 5:26,2/3/2025 6:46,849.83,Headphones,False
950,8694,5/22/2025 9:00,,1649.13,Laptop,False
951,6592,1/31/2025 12:58,,1480.01,Tablet,False
952,7026,1/4/2025 3:33,1/4/2025 3:46,291.42,Smartphone,False
953,7726,6/13/2025 3:10,6/13/2025 3:32,1969.6,Laptop,False
954,9791,6/13/2025 2:24,,1871.4,Monitor,False
955,4536,4/3/2025 2:18,,1079.23,Monitor,False
956,2907,5/22/2025 8:09,5/22/2025 9:59,862.63,Smartphone,True
957,1942,6/8/2025 4:25,6/8/2025 6:07,874.01,Smartphone,False
958,8908,4/5/2025 5:02,,1372.5,Smartphone,False
959,1642,3/29/2025 4:49,,986.83,Headphones,False
960,8687,1/10/2025 4:45,,1953.99,Keyboard,False
961,3100,6/3/2025 1:04,6/3/2025 1:24,155.97,Tablet,False
962,9344,5/2/2025 16:30,5/2/2025 17:11,217.27,Tablet,True
963,6815,1/20/2025 12:48,,771.28,Monitor,False
964,6400,2/1/2025 12:51,,509.68,Smartphone,False
965,5661,3/21/2025 4:37,3/21/2025 6:30,190.02,Headphones,False
966,4479,6/13/2025 22:15,6/14/2025 1:03,276.93,Tablet,True
967,6898,3/22/2025 23:37,,1952.54,Tablet,False
968,6963,1/31/2025 23:57,2/1/2025 2:07,1702.78,Headphones,False
969,9270,1/24/2025 2:32,1/24/2025 4:15,997.04,Laptop,True
970,6901,1/5/2025 13:39,,1826.21,Monitor,False
971,7131,2/28/2025 17:40,2/28/2025 18:15,635.65,Keyboard,False
972,2852,6/25/2025 6:47,6/25/2025 7:57,1980.46,Smartphone,False
973,7927,5/22/2025 1:28,,587,Laptop,False
974,9972,1/10/2025 10:20,1/10/2025 13:18,896.71,Keyboard,True
975,9493,5/11/2025 8:51,5/11/2025 9:26,1499.82,Laptop,False
976,6947,5/15/2025 19:41,5/15/2025 20:47,927.32,Monitor,True
977,9836,3/15/2025 17:48,,1384.77,Tablet,False
978,3535,2/12/2025 17:50,,436.87,Monitor,False
979,6302,1/20/2025 19:05,1/20/2025 21:13,715.91,Monitor,True
980,6679,1/14/2025 14:24,1/14/2025 16:51,1878.36,Laptop,True
981,5675,2/15/2025 6:24,,1784.29,Smartphone,False
982,6152,5/9/2025 7:46,,965.31,Laptop,False
983,1552,4/30/2025 3:20,,831.77,Tablet,False
984,3211,2/1/2025 3:18,2/1/2025 4:54,1291,Smartphone,False
985,5814,5/5/2025 19:49,5/5/2025 20:42,568.77,Smartphone,False
986,2473,2/28/2025 10:41,2/28/2025 12:13,1899.86,Tablet,True
987,1241,5/23/2025 18:27,,1257.17,Monitor,False
988,4545,1/10/2025 8:21,1/10/2025 9:03,1041.41,Monitor,False
989,2476,3/25/2025 4:20,3/25/2025 6:13,731.57,Monitor,False
990,5392,3/16/2025 20:20,3/16/2025 21:47,1655.65,Headphones,False
991,4475,4/13/2025 2:40,,1734.74,Monitor,False
992,6988,5/4/2025 23:58,5/5/2025 1:07,250.46,Monitor,False
993,3095,6/2/2025 18:29,6/2/2025 20:33,345.77,Tablet,False
994,1348,5/20/2025 19:29,5/20/2025 19:48,344.41,Smartphone,True
995,4874,2/11/2025 10:05,2/11/2025 12:39,456.34,Tablet,False
996,8917,2/13/2025 20:36,2/13/2025 22:05,631.02,Keyboard,True
997,2542,1/10/2025 8:11,,830.06,Tablet,False
998,9883,4/7/2025 5:57,4/7/2025 6:16,1892.73,Keyboard,False
999,7705,1/7/2025 18:40,1/7/2025 20:39,732.16,Headphones,True
1000,6727,1/11/2025 5:22,,1320.61,Headphones,False
